"Keyword","Research priority","Research cluster","Place","Research data status","Current target URL","Regional supporting URL","Implementation status","Implementation note"
"arcade game hire sydney","P1 Launch","Arcade hire","Sydney","Semrush: positive volume","/arcade-machine-hire","","Covered service intent","Integrated through natural service copy, headings, FAQs and internal links; close variants share a page."
"arcade machine hire sydney","P1 Launch","Arcade hire","Sydney","Semrush: positive volume","/arcade-machine-hire","","Covered service intent","Integrated through natural service copy, headings, FAQs and internal links; close variants share a page."
"arcade hire sydney","P1 Launch","Arcade hire","Sydney","Semrush: positive volume","/arcade-machine-hire","","Covered service intent","Integrated through natural service copy, headings, FAQs and internal links; close variants share a page."
"hire arcade machines sydney","P1 Launch","Arcade hire","Sydney","Semrush: positive volume","/arcade-machine-hire","","Covered service intent","Integrated through natural service copy, headings, FAQs and internal links; close variants share a page."
"claw machine hire","P1 Launch","Claw hire","Unmodified","Semrush: positive volume","/claw-machine-hire","","Covered service intent","Integrated through natural service copy, headings, FAQs and internal links; close variants share a page."
"claw machine for hire sydney","P1 Launch","Claw hire","Sydney","Semrush: positive volume","/claw-machine-hire","","Covered service intent","Integrated through natural service copy, headings, FAQs and internal links; close variants share a page."
"claw machine hire sydney","P1 Launch","Claw hire","Sydney","Semrush: positive volume","/claw-machine-hire","","Covered service intent","Integrated through natural service copy, headings, FAQs and internal links; close variants share a page."
"arcade machine hire","P1 Launch","Arcade hire","Unmodified","Semrush: positive volume","/arcade-machine-hire","","Covered service intent","Integrated through natural service copy, headings, FAQs and internal links; close variants share a page."
"arcade game hire","P1 Launch","Arcade hire","Unmodified","Semrush: positive volume","/arcade-machine-hire","","Covered service intent","Integrated through natural service copy, headings, FAQs and internal links; close variants share a page."
"arcade machines for sale sydney","P1 Launch","Sales","Sydney","Semrush: positive volume","/arcade-machines-for-sale","","Covered service intent","Integrated through natural service copy, headings, FAQs and internal links; close variants share a page."
"arcade machine placement","P1 Launch","Placement","Unmodified","Checked: no row","/arcade-machine-placement","","Covered service intent","Integrated through natural service copy, headings, FAQs and internal links; close variants share a page."
"claw machine placement","P1 Launch","Placement","Unmodified","Checked: no row","/arcade-machine-placement","","Covered service intent","Integrated through natural service copy, headings, FAQs and internal links; close variants share a page."
"amusement machine supplier","P1 Launch","Supply and installation","Unmodified","Semrush: positive volume","/amusement-machine-supply-installation","","Covered service intent","Integrated through natural service copy, headings, FAQs and internal links; close variants share a page."
"arcade game machine hire","P1 Launch","Arcade hire","Unmodified","Semrush: positive volume","/arcade-machine-hire","","Covered service intent","Integrated through natural service copy, headings, FAQs and internal links; close variants share a page."
"hire arcade","P1 Launch","Arcade hire","Unmodified","Semrush: positive volume","/arcade-machine-hire","","Covered service intent","Integrated through natural service copy, headings, FAQs and internal links; close variants share a page."
"hire arcade games","P1 Launch","Arcade hire","Unmodified","Semrush: positive volume","/arcade-machine-hire","","Covered service intent","Integrated through natural service copy, headings, FAQs and internal links; close variants share a page."
"rent arcade game machines","P1 Launch","Arcade hire","Unmodified","Semrush: positive volume","/arcade-machine-hire","","Covered service intent","Integrated through natural service copy, headings, FAQs and internal links; close variants share a page."
"arcade game hire for parties","P1 Launch","Arcade hire","Unmodified","Semrush: positive volume","/arcade-machine-hire","","Covered service intent","Integrated through natural service copy, headings, FAQs and internal links; close variants share a page."
"arcade hire","P1 Launch","Arcade hire","Unmodified","Semrush: positive volume","/arcade-machine-hire","","Covered service intent","Integrated through natural service copy, headings, FAQs and internal links; close variants share a page."
"arcade machine rental","P1 Launch","Arcade hire","Unmodified","Semrush: positive volume","/arcade-machine-hire","","Covered service intent","Integrated through natural service copy, headings, FAQs and internal links; close variants share a page."
"amusement game hire","P1 Launch","Arcade hire","Unmodified","Semrush: positive volume","/arcade-machine-hire","","Covered service intent","Integrated through natural service copy, headings, FAQs and internal links; close variants share a page."
"amusement machine hire","P1 Launch","Arcade hire","Unmodified","Semrush: positive volume","/arcade-machine-hire","","Covered service intent","Integrated through natural service copy, headings, FAQs and internal links; close variants share a page."
"arcade game hire near me","P1 Launch","Arcade hire","Near me","Semrush: positive volume","/arcade-machine-hire","","Covered service intent","Integrated through natural service copy, headings, FAQs and internal links; close variants share a page."
"arcade games for hire","P1 Launch","Arcade hire","Unmodified","Semrush: positive volume","/arcade-machine-hire","","Covered service intent","Integrated through natural service copy, headings, FAQs and internal links; close variants share a page."
"arcade games hire","P1 Launch","Arcade hire","Unmodified","Semrush: positive volume","/arcade-machine-hire","","Covered service intent","Integrated through natural service copy, headings, FAQs and internal links; close variants share a page."
"arcade games hire sydney","P1 Launch","Arcade hire","Sydney","Semrush: positive volume","/arcade-machine-hire","","Covered service intent","Integrated through natural service copy, headings, FAQs and internal links; close variants share a page."
"arcade hire for parties","P1 Launch","Arcade hire","Unmodified","Semrush: positive volume","/arcade-machine-hire","","Covered service intent","Integrated through natural service copy, headings, FAQs and internal links; close variants share a page."
"arcade hire near me","P1 Launch","Arcade hire","Near me","Semrush: positive volume","/arcade-machine-hire","","Covered service intent","Integrated through natural service copy, headings, FAQs and internal links; close variants share a page."
"arcade machine party hire","P1 Launch","Arcade hire","Unmodified","Semrush: positive volume","/arcade-machine-hire","","Covered service intent","Integrated through natural service copy, headings, FAQs and internal links; close variants share a page."
"arcade party hire","P1 Launch","Arcade hire","Unmodified","Semrush: positive volume","/arcade-machine-hire","","Covered service intent","Integrated through natural service copy, headings, FAQs and internal links; close variants share a page."
"hire arcade games for parties","P1 Launch","Arcade hire","Unmodified","Semrush: positive volume","/arcade-machine-hire","","Covered service intent","Integrated through natural service copy, headings, FAQs and internal links; close variants share a page."
"amusement machines for hire","P1 Launch","Arcade hire","Unmodified","Semrush: positive volume","/arcade-machine-hire","","Covered service intent","Integrated through natural service copy, headings, FAQs and internal links; close variants share a page."
"arcade machine hire near me","P1 Launch","Arcade hire","Near me","Semrush: positive volume","/arcade-machine-hire","","Covered service intent","Integrated through natural service copy, headings, FAQs and internal links; close variants share a page."
"arcade machine rentals","P1 Launch","Arcade hire","Unmodified","Semrush: positive volume","/arcade-machine-hire","","Covered service intent","Integrated through natural service copy, headings, FAQs and internal links; close variants share a page."
"amusement game hire sydney","P1 Launch","Arcade hire","Sydney","Checked: no row","/arcade-machine-hire","","Covered service intent","Integrated through natural service copy, headings, FAQs and internal links; close variants share a page."
"amusement games hire","P1 Launch","Arcade hire","Unmodified","Checked: no row","/arcade-machine-hire","","Covered service intent","Integrated through natural service copy, headings, FAQs and internal links; close variants share a page."
"amusement games hire sydney","P1 Launch","Arcade hire","Sydney","Semrush: zero volume","/arcade-machine-hire","","Covered service intent","Integrated through natural service copy, headings, FAQs and internal links; close variants share a page."
"amusement machine hire sydney","P1 Launch","Arcade hire","Sydney","Semrush: zero volume","/arcade-machine-hire","","Covered service intent","Integrated through natural service copy, headings, FAQs and internal links; close variants share a page."
"arcade game hire for corporate events","P1 Launch","Arcade hire","Unmodified","Checked: no row","/arcade-machine-hire","","Covered service intent","Integrated through natural service copy, headings, FAQs and internal links; close variants share a page."
"arcade game rental sydney","P1 Launch","Arcade hire","Sydney","Checked: no row","/arcade-machine-hire","","Covered service intent","Integrated through natural service copy, headings, FAQs and internal links; close variants share a page."
"arcade games for hire sydney","P1 Launch","Arcade hire","Sydney","Semrush: zero volume","/arcade-machine-hire","","Covered service intent","Integrated through natural service copy, headings, FAQs and internal links; close variants share a page."
"arcade games rental","P1 Launch","Arcade hire","Unmodified","Semrush: zero volume","/arcade-machine-hire","","Covered service intent","Integrated through natural service copy, headings, FAQs and internal links; close variants share a page."
"arcade machine hire birthday party","P1 Launch","Arcade hire","Unmodified","Checked: no row","/arcade-machine-hire","","Covered service intent","Integrated through natural service copy, headings, FAQs and internal links; close variants share a page."
"arcade machine hire cost","P1 Launch","Arcade hire","Unmodified","Checked: no row","/arcade-machine-hire","","Covered service intent","Integrated through natural service copy, headings, FAQs and internal links; close variants share a page."
"arcade machine hire for events","P1 Launch","Arcade hire","Unmodified","Checked: no row","/arcade-machine-hire","","Covered service intent","Integrated through natural service copy, headings, FAQs and internal links; close variants share a page."
"arcade machine hire wedding","P1 Launch","Arcade hire","Unmodified","Semrush: zero volume","/arcade-machine-hire","","Covered service intent","Integrated through natural service copy, headings, FAQs and internal links; close variants share a page."
"arcade rental sydney","P1 Launch","Arcade hire","Sydney","Checked: no row","/arcade-machine-hire","","Covered service intent","Integrated through natural service copy, headings, FAQs and internal links; close variants share a page."
"arcade rentals sydney","P1 Launch","Arcade hire","Sydney","Checked: no row","/arcade-machine-hire","","Covered service intent","Integrated through natural service copy, headings, FAQs and internal links; close variants share a page."
"corporate arcade game hire","P1 Launch","Arcade hire","Unmodified","Checked: no row","/arcade-machine-hire","","Covered service intent","Integrated through natural service copy, headings, FAQs and internal links; close variants share a page."
"event arcade machine hire","P1 Launch","Arcade hire","Unmodified","Checked: no row","/arcade-machine-hire","","Covered service intent","Integrated through natural service copy, headings, FAQs and internal links; close variants share a page."
"arcade game australia","P1 Launch","Brand","Australia","Semrush: positive volume","/","","Covered service intent","Integrated through natural service copy, headings, FAQs and internal links; close variants share a page. Nationwide supply is not claimed; the business scope remains Sydney and NSW."
"hire claw machine","P1 Launch","Claw hire","Unmodified","Semrush: positive volume","/claw-machine-hire","","Covered service intent","Integrated through natural service copy, headings, FAQs and internal links; close variants share a page."
"claw machine rental","P1 Launch","Claw hire","Unmodified","Semrush: positive volume","/claw-machine-hire","","Covered service intent","Integrated through natural service copy, headings, FAQs and internal links; close variants share a page."
"claw machine for hire","P1 Launch","Claw hire","Unmodified","Semrush: positive volume","/claw-machine-hire","","Covered service intent","Integrated through natural service copy, headings, FAQs and internal links; close variants share a page."
"claw machine hire wedding","P1 Launch","Claw hire","Unmodified","Semrush: positive volume","/claw-machine-hire","","Covered service intent","Integrated through natural service copy, headings, FAQs and internal links; close variants share a page."
"hire a claw machine","P1 Launch","Claw hire","Unmodified","Semrush: positive volume","/claw-machine-hire","","Covered service intent","Integrated through natural service copy, headings, FAQs and internal links; close variants share a page."
"arcade claw machine hire","P1 Launch","Claw hire","Unmodified","Semrush: zero volume","/claw-machine-hire","","Covered service intent","Integrated through natural service copy, headings, FAQs and internal links; close variants share a page."
"claw machine hire for events","P1 Launch","Claw hire","Unmodified","Checked: no row","/claw-machine-hire","","Covered service intent","Integrated through natural service copy, headings, FAQs and internal links; close variants share a page."
"claw machine hire for parties","P1 Launch","Claw hire","Unmodified","Checked: no row","/claw-machine-hire","","Covered service intent","Integrated through natural service copy, headings, FAQs and internal links; close variants share a page."
"claw machine hire near me","P1 Launch","Claw hire","Near me","Checked: no row","/claw-machine-hire","","Covered service intent","Integrated through natural service copy, headings, FAQs and internal links; close variants share a page."
"claw machine hire price","P1 Launch","Claw hire","Unmodified","Checked: no row","/claw-machine-hire","","Covered service intent","Integrated through natural service copy, headings, FAQs and internal links; close variants share a page."
"claw machine rental sydney","P1 Launch","Claw hire","Sydney","Checked: no row","/claw-machine-hire","","Covered service intent","Integrated through natural service copy, headings, FAQs and internal links; close variants share a page."
"claw machines hire","P1 Launch","Claw hire","Unmodified","Semrush: zero volume","/claw-machine-hire","","Covered service intent","Integrated through natural service copy, headings, FAQs and internal links; close variants share a page."
"hire a claw machine price","P1 Launch","Claw hire","Unmodified","Semrush: zero volume","/claw-machine-hire","","Covered service intent","Integrated through natural service copy, headings, FAQs and internal links; close variants share a page."
"hire claw machine sydney","P1 Launch","Claw hire","Sydney","Semrush: zero volume","/claw-machine-hire","","Covered service intent","Integrated through natural service copy, headings, FAQs and internal links; close variants share a page."
"prize machine hire","P1 Launch","Claw hire","Unmodified","Checked: no row","/claw-machine-hire","","Covered service intent","Integrated through natural service copy, headings, FAQs and internal links; close variants share a page."
"skill tester hire","P1 Launch","Claw hire","Unmodified","Semrush: zero volume","/claw-machine-hire","","Covered service intent","Integrated through natural service copy, headings, FAQs and internal links; close variants share a page."
"skill tester hire sydney","P1 Launch","Claw hire","Sydney","Semrush: zero volume","/claw-machine-hire","","Covered service intent","Integrated through natural service copy, headings, FAQs and internal links; close variants share a page."
"skill tester machine hire","P1 Launch","Claw hire","Unmodified","Semrush: zero volume","/claw-machine-hire","","Covered service intent","Integrated through natural service copy, headings, FAQs and internal links; close variants share a page."
"skill tester machine hire sydney","P1 Launch","Claw hire","Sydney","Checked: no row","/claw-machine-hire","","Covered service intent","Integrated through natural service copy, headings, FAQs and internal links; close variants share a page."
"amusement machine operators","P1 Launch","Placement","Unmodified","Checked: no row","/arcade-machine-placement","","Covered service intent","Integrated through natural service copy, headings, FAQs and internal links; close variants share a page."
"arcade machine operators","P1 Launch","Placement","Unmodified","Checked: no row","/arcade-machine-placement","","Covered service intent","Integrated through natural service copy, headings, FAQs and internal links; close variants share a page."
"arcade machine placement sydney","P1 Launch","Placement","Sydney","Checked: no row","/arcade-machine-placement","","Covered service intent","Integrated through natural service copy, headings, FAQs and internal links; close variants share a page."
"arcade machines for cinemas","P1 Launch","Placement","Unmodified","Checked: no row","/arcade-machine-placement","","Covered service intent","Integrated through natural service copy, headings, FAQs and internal links; close variants share a page."
"arcade machines for clubs","P1 Launch","Placement","Unmodified","Checked: no row","/arcade-machine-placement","","Covered service intent","Integrated through natural service copy, headings, FAQs and internal links; close variants share a page."
"arcade machines for play centres","P1 Launch","Placement","Unmodified","Checked: no row","/arcade-machine-placement","","Covered service intent","Integrated through natural service copy, headings, FAQs and internal links; close variants share a page."
"arcade machines for pubs","P1 Launch","Placement","Unmodified","Checked: no row","/arcade-machine-placement","","Covered service intent","Integrated through natural service copy, headings, FAQs and internal links; close variants share a page."
"arcade machines for rsls","P1 Launch","Placement","Unmodified","Checked: no row","/arcade-machine-placement","","Covered service intent","Integrated through natural service copy, headings, FAQs and internal links; close variants share a page."
"arcade machines for shopping centres","P1 Launch","Placement","Unmodified","Checked: no row","/arcade-machine-placement","","Covered service intent","Integrated through natural service copy, headings, FAQs and internal links; close variants share a page."
"claw machine placement sydney","P1 Launch","Placement","Sydney","Checked: no row","/arcade-machine-placement","","Covered service intent","Integrated through natural service copy, headings, FAQs and internal links; close variants share a page."
"claw machines for cinemas","P1 Launch","Placement","Unmodified","Checked: no row","/arcade-machine-placement","","Covered service intent","Integrated through natural service copy, headings, FAQs and internal links; close variants share a page."
"claw machines for clubs","P1 Launch","Placement","Unmodified","Checked: no row","/arcade-machine-placement","","Covered service intent","Integrated through natural service copy, headings, FAQs and internal links; close variants share a page."
"claw machines for placement","P1 Launch","Placement","Unmodified","Semrush: zero volume","/arcade-machine-placement","","Covered service intent","Integrated through natural service copy, headings, FAQs and internal links; close variants share a page."
"claw machines for play centres","P1 Launch","Placement","Unmodified","Checked: no row","/arcade-machine-placement","","Covered service intent","Integrated through natural service copy, headings, FAQs and internal links; close variants share a page."
"claw machines for pubs","P1 Launch","Placement","Unmodified","Checked: no row","/arcade-machine-placement","","Covered service intent","Integrated through natural service copy, headings, FAQs and internal links; close variants share a page."
"claw machines for rsls","P1 Launch","Placement","Unmodified","Checked: no row","/arcade-machine-placement","","Covered service intent","Integrated through natural service copy, headings, FAQs and internal links; close variants share a page."
"claw machines for shopping centres","P1 Launch","Placement","Unmodified","Checked: no row","/arcade-machine-placement","","Covered service intent","Integrated through natural service copy, headings, FAQs and internal links; close variants share a page."
"arcade machine for sale sydney","P1 Launch","Sales","Sydney","Semrush: positive volume","/arcade-machines-for-sale","","Covered service intent","Integrated through natural service copy, headings, FAQs and internal links; close variants share a page."
"buy arcade machine sydney","P1 Launch","Sales","Sydney","Semrush: positive volume","/arcade-machines-for-sale","","Covered service intent","Integrated through natural service copy, headings, FAQs and internal links; close variants share a page."
"arcade machine sales sydney","P1 Launch","Sales","Sydney","Checked: no row","/arcade-machines-for-sale","","Covered service intent","Integrated through natural service copy, headings, FAQs and internal links; close variants share a page."
"coin operated arcade machines","P1 Launch","Supply and installation","Unmodified","Semrush: positive volume","/amusement-machine-supply-installation","","Covered service intent","Integrated through natural service copy, headings, FAQs and internal links; close variants share a page."
"amusement arcade machines","P1 Launch","Supply and installation","Unmodified","Semrush: positive volume","/amusement-machine-supply-installation","","Covered service intent","Integrated through natural service copy, headings, FAQs and internal links; close variants share a page."
"amusement claw machine","P1 Launch","Supply and installation","Unmodified","Semrush: positive volume","/amusement-machine-supply-installation","","Covered service intent","Integrated through natural service copy, headings, FAQs and internal links; close variants share a page."
"amusement coin operated machines","P1 Launch","Supply and installation","Unmodified","Semrush: positive volume","/amusement-machine-supply-installation","","Covered service intent","Integrated through natural service copy, headings, FAQs and internal links; close variants share a page."
"amusement equipment suppliers","P1 Launch","Supply and installation","Unmodified","Semrush: positive volume","/amusement-machine-supply-installation","","Covered service intent","Integrated through natural service copy, headings, FAQs and internal links; close variants share a page."
"amusement game machine","P1 Launch","Supply and installation","Unmodified","Semrush: positive volume","/amusement-machine-supply-installation","","Covered service intent","Integrated through natural service copy, headings, FAQs and internal links; close variants share a page."
"amusement machines","P1 Launch","Supply and installation","Unmodified","Semrush: positive volume","/amusement-machine-supply-installation","","Covered service intent","Integrated through natural service copy, headings, FAQs and internal links; close variants share a page."
"amusement machines australia","P1 Launch","Supply and installation","Australia","Semrush: positive volume","/amusement-machine-supply-installation","","Covered service intent","Integrated through natural service copy, headings, FAQs and internal links; close variants share a page. Nationwide supply is not claimed; the business scope remains Sydney and NSW."
"coin operated amusement machines","P1 Launch","Supply and installation","Unmodified","Semrush: positive volume","/amusement-machine-supply-installation","","Covered service intent","Integrated through natural service copy, headings, FAQs and internal links; close variants share a page."
"amusement arcade machine","P1 Launch","Supply and installation","Unmodified","Semrush: positive volume","/amusement-machine-supply-installation","","Covered service intent","Integrated through natural service copy, headings, FAQs and internal links; close variants share a page."
"amusement game machines","P1 Launch","Supply and installation","Unmodified","Semrush: positive volume","/amusement-machine-supply-installation","","Covered service intent","Integrated through natural service copy, headings, FAQs and internal links; close variants share a page."
"amusement machine","P1 Launch","Supply and installation","Unmodified","Semrush: positive volume","/amusement-machine-supply-installation","","Covered service intent","Integrated through natural service copy, headings, FAQs and internal links; close variants share a page."
"amusement machine services","P1 Launch","Supply and installation","Unmodified","Semrush: positive volume","/amusement-machine-supply-installation","","Covered service intent","Integrated through natural service copy, headings, FAQs and internal links; close variants share a page."
"amusement machine supplier near me","P1 Launch","Supply and installation","Near me","Semrush: positive volume","/amusement-machine-supply-installation","","Covered service intent","Integrated through natural service copy, headings, FAQs and internal links; close variants share a page."
"amusement machine suppliers","P1 Launch","Supply and installation","Unmodified","Semrush: positive volume","/amusement-machine-supply-installation","","Covered service intent","Integrated through natural service copy, headings, FAQs and internal links; close variants share a page."
"coin-operated amusement machine","P1 Launch","Supply and installation","Unmodified","Semrush: positive volume","/amusement-machine-supply-installation","","Covered service intent","Integrated through natural service copy, headings, FAQs and internal links; close variants share a page."
"amusement machine installation","P1 Launch","Supply and installation","Unmodified","Checked: no row","/amusement-machine-supply-installation","","Covered service intent","Integrated through natural service copy, headings, FAQs and internal links; close variants share a page."
"amusement machine supply","P1 Launch","Supply and installation","Unmodified","Checked: no row","/amusement-machine-supply-installation","","Covered service intent","Integrated through natural service copy, headings, FAQs and internal links; close variants share a page."
"arcade machine installation","P1 Launch","Supply and installation","Unmodified","Checked: no row","/amusement-machine-supply-installation","","Covered service intent","Integrated through natural service copy, headings, FAQs and internal links; close variants share a page."
"arcade machine setup","P1 Launch","Supply and installation","Unmodified","Checked: no row","/amusement-machine-supply-installation","","Covered service intent","Integrated through natural service copy, headings, FAQs and internal links; close variants share a page."
"arcade machine supplier sydney","P1 Launch","Supply and installation","Sydney","Checked: no row","/amusement-machine-supply-installation","","Covered service intent","Integrated through natural service copy, headings, FAQs and internal links; close variants share a page."
"arcade machine suppliers","P1 Launch","Supply and installation","Unmodified","Semrush: zero volume","/amusement-machine-supply-installation","","Covered service intent","Integrated through natural service copy, headings, FAQs and internal links; close variants share a page."
"arcade game hire central coast","P2 Supporting","Arcade hire","Central Coast","Semrush: positive volume","/arcade-machine-hire","/service-areas#central-coast","Covered service and regional intent","Main service page plus confirmed regional hub section; no separate local landing page or local office claim."
"arcade game hire central coast nsw","P2 Supporting","Arcade hire","Central Coast","Checked: no row","/arcade-machine-hire","/service-areas#central-coast","Covered service and regional intent","Main service page plus confirmed regional hub section; no separate local landing page or local office claim."
"arcade game hire illawarra","P2 Supporting","Arcade hire","Wollongong / Illawarra","Checked: no row","/arcade-machine-hire","/service-areas#illawarra","Covered service and regional intent","Main service page plus confirmed regional hub section; no separate local landing page or local office claim."
"arcade game hire new south wales","P2 Supporting","Arcade hire","NSW","Checked: no row","/arcade-machine-hire","/service-areas#nsw","Covered service and regional intent","Main service page plus confirmed regional hub section; no separate local landing page or local office claim."
"arcade game hire north west sydney","P2 Supporting","Arcade hire","North-West Sydney","Checked: no row","/arcade-machine-hire","/service-areas#north-west-sydney","Covered service and regional intent","Main service page plus confirmed regional hub section; no separate local landing page or local office claim."
"arcade game hire north-west sydney","P2 Supporting","Arcade hire","North-West Sydney","Checked: no row","/arcade-machine-hire","/service-areas#north-west-sydney","Covered service and regional intent","Main service page plus confirmed regional hub section; no separate local landing page or local office claim."
"arcade game hire nsw","P2 Supporting","Arcade hire","NSW","Checked: no row","/arcade-machine-hire","/service-areas#nsw","Covered service and regional intent","Main service page plus confirmed regional hub section; no separate local landing page or local office claim."
"arcade game hire south west sydney","P2 Supporting","Arcade hire","South-West Sydney","Checked: no row","/arcade-machine-hire","/service-areas#south-west-sydney","Covered service and regional intent","Main service page plus confirmed regional hub section; no separate local landing page or local office claim."
"arcade game hire south-west sydney","P2 Supporting","Arcade hire","South-West Sydney","Checked: no row","/arcade-machine-hire","/service-areas#south-west-sydney","Covered service and regional intent","Main service page plus confirmed regional hub section; no separate local landing page or local office claim."
"arcade game hire western sydney","P2 Supporting","Arcade hire","Western Sydney","Semrush: zero volume","/arcade-machine-hire","/service-areas#western-sydney","Covered service and regional intent","Main service page plus confirmed regional hub section; no separate local landing page or local office claim."
"arcade game hire wollongong","P2 Supporting","Arcade hire","Wollongong / Illawarra","Semrush: zero volume","/arcade-machine-hire","/service-areas#illawarra","Covered service and regional intent","Main service page plus confirmed regional hub section; no separate local landing page or local office claim."
"arcade game hire wollongong illawarra","P2 Supporting","Arcade hire","Wollongong / Illawarra","Checked: no row","/arcade-machine-hire","/service-areas#illawarra","Covered service and regional intent","Main service page plus confirmed regional hub section; no separate local landing page or local office claim."
"arcade machine hire blacktown","P2 Supporting","Arcade hire","Blacktown (proposed)","Checked: no row","","","Deferred: suburb confirmation","Specific suburb was proposed in the research, not confirmed by the client. No suburb page or service claim added."
"arcade machine hire campbelltown","P2 Supporting","Arcade hire","Campbelltown (proposed)","Checked: no row","","","Deferred: suburb confirmation","Specific suburb was proposed in the research, not confirmed by the client. No suburb page or service claim added."
"arcade machine hire castle hill","P2 Supporting","Arcade hire","Castle Hill (proposed)","Checked: no row","","","Deferred: suburb confirmation","Specific suburb was proposed in the research, not confirmed by the client. No suburb page or service claim added."
"arcade machine hire central coast","P2 Supporting","Arcade hire","Central Coast","Checked: no row","/arcade-machine-hire","/service-areas#central-coast","Covered service and regional intent","Main service page plus confirmed regional hub section; no separate local landing page or local office claim."
"arcade machine hire gosford","P2 Supporting","Arcade hire","Gosford (proposed)","Checked: no row","","","Deferred: suburb confirmation","Specific suburb was proposed in the research, not confirmed by the client. No suburb page or service claim added."
"arcade machine hire illawarra","P2 Supporting","Arcade hire","Wollongong / Illawarra","Checked: no row","/arcade-machine-hire","/service-areas#illawarra","Covered service and regional intent","Main service page plus confirmed regional hub section; no separate local landing page or local office claim."
"arcade machine hire liverpool","P2 Supporting","Arcade hire","Liverpool (proposed)","Checked: no row","","","Deferred: suburb confirmation","Specific suburb was proposed in the research, not confirmed by the client. No suburb page or service claim added."
"arcade machine hire north west sydney","P2 Supporting","Arcade hire","North-West Sydney","Checked: no row","/arcade-machine-hire","/service-areas#north-west-sydney","Covered service and regional intent","Main service page plus confirmed regional hub section; no separate local landing page or local office claim."
"arcade machine hire north-west sydney","P2 Supporting","Arcade hire","North-West Sydney","Checked: no row","/arcade-machine-hire","/service-areas#north-west-sydney","Covered service and regional intent","Main service page plus confirmed regional hub section; no separate local landing page or local office claim."
"arcade machine hire nsw","P2 Supporting","Arcade hire","NSW","Checked: no row","/arcade-machine-hire","/service-areas#nsw","Covered service and regional intent","Main service page plus confirmed regional hub section; no separate local landing page or local office claim."
"arcade machine hire parramatta","P2 Supporting","Arcade hire","Parramatta (proposed)","Checked: no row","","","Deferred: suburb confirmation","Specific suburb was proposed in the research, not confirmed by the client. No suburb page or service claim added."
"arcade machine hire penrith","P2 Supporting","Arcade hire","Penrith (proposed)","Checked: no row","","","Deferred: suburb confirmation","Specific suburb was proposed in the research, not confirmed by the client. No suburb page or service claim added."
"arcade machine hire shellharbour","P2 Supporting","Arcade hire","Shellharbour (proposed)","Checked: no row","","","Deferred: suburb confirmation","Specific suburb was proposed in the research, not confirmed by the client. No suburb page or service claim added."
"arcade machine hire south west sydney","P2 Supporting","Arcade hire","South-West Sydney","Checked: no row","/arcade-machine-hire","/service-areas#south-west-sydney","Covered service and regional intent","Main service page plus confirmed regional hub section; no separate local landing page or local office claim."
"arcade machine hire south-west sydney","P2 Supporting","Arcade hire","South-West Sydney","Checked: no row","/arcade-machine-hire","/service-areas#south-west-sydney","Covered service and regional intent","Main service page plus confirmed regional hub section; no separate local landing page or local office claim."
"arcade machine hire western sydney","P2 Supporting","Arcade hire","Western Sydney","Checked: no row","/arcade-machine-hire","/service-areas#western-sydney","Covered service and regional intent","Main service page plus confirmed regional hub section; no separate local landing page or local office claim."
"arcade machine hire wollongong","P2 Supporting","Arcade hire","Wollongong / Illawarra","Checked: no row","/arcade-machine-hire","/service-areas#illawarra","Covered service and regional intent","Main service page plus confirmed regional hub section; no separate local landing page or local office claim."
"arcade machine hire wollongong illawarra","P2 Supporting","Arcade hire","Wollongong / Illawarra","Checked: no row","/arcade-machine-hire","/service-areas#illawarra","Covered service and regional intent","Main service page plus confirmed regional hub section; no separate local landing page or local office claim."
"arcade machine hire wyong","P2 Supporting","Arcade hire","Wyong (proposed)","Checked: no row","","","Deferred: suburb confirmation","Specific suburb was proposed in the research, not confirmed by the client. No suburb page or service claim added."
"claw machine hire blacktown","P2 Supporting","Claw hire","Blacktown (proposed)","Checked: no row","","","Deferred: suburb confirmation","Specific suburb was proposed in the research, not confirmed by the client. No suburb page or service claim added."
"claw machine hire campbelltown","P2 Supporting","Claw hire","Campbelltown (proposed)","Checked: no row","","","Deferred: suburb confirmation","Specific suburb was proposed in the research, not confirmed by the client. No suburb page or service claim added."
"claw machine hire castle hill","P2 Supporting","Claw hire","Castle Hill (proposed)","Checked: no row","","","Deferred: suburb confirmation","Specific suburb was proposed in the research, not confirmed by the client. No suburb page or service claim added."
"claw machine hire central coast","P2 Supporting","Claw hire","Central Coast","Checked: no row","/claw-machine-hire","/service-areas#central-coast","Covered service and regional intent","Main service page plus confirmed regional hub section; no separate local landing page or local office claim."
"claw machine hire central coast nsw","P2 Supporting","Claw hire","Central Coast","Checked: no row","/claw-machine-hire","/service-areas#central-coast","Covered service and regional intent","Main service page plus confirmed regional hub section; no separate local landing page or local office claim."
"claw machine hire gosford","P2 Supporting","Claw hire","Gosford (proposed)","Checked: no row","","","Deferred: suburb confirmation","Specific suburb was proposed in the research, not confirmed by the client. No suburb page or service claim added."
"claw machine hire illawarra","P2 Supporting","Claw hire","Wollongong / Illawarra","Checked: no row","/claw-machine-hire","/service-areas#illawarra","Covered service and regional intent","Main service page plus confirmed regional hub section; no separate local landing page or local office claim."
"claw machine hire liverpool","P2 Supporting","Claw hire","Liverpool (proposed)","Checked: no row","","","Deferred: suburb confirmation","Specific suburb was proposed in the research, not confirmed by the client. No suburb page or service claim added."
"claw machine hire new south wales","P2 Supporting","Claw hire","NSW","Checked: no row","/claw-machine-hire","/service-areas#nsw","Covered service and regional intent","Main service page plus confirmed regional hub section; no separate local landing page or local office claim."
"claw machine hire north west sydney","P2 Supporting","Claw hire","North-West Sydney","Checked: no row","/claw-machine-hire","/service-areas#north-west-sydney","Covered service and regional intent","Main service page plus confirmed regional hub section; no separate local landing page or local office claim."
"claw machine hire north-west sydney","P2 Supporting","Claw hire","North-West Sydney","Checked: no row","/claw-machine-hire","/service-areas#north-west-sydney","Covered service and regional intent","Main service page plus confirmed regional hub section; no separate local landing page or local office claim."
"claw machine hire nsw","P2 Supporting","Claw hire","NSW","Checked: no row","/claw-machine-hire","/service-areas#nsw","Covered service and regional intent","Main service page plus confirmed regional hub section; no separate local landing page or local office claim."
"claw machine hire parramatta","P2 Supporting","Claw hire","Parramatta (proposed)","Checked: no row","","","Deferred: suburb confirmation","Specific suburb was proposed in the research, not confirmed by the client. No suburb page or service claim added."
"claw machine hire penrith","P2 Supporting","Claw hire","Penrith (proposed)","Checked: no row","","","Deferred: suburb confirmation","Specific suburb was proposed in the research, not confirmed by the client. No suburb page or service claim added."
"claw machine hire shellharbour","P2 Supporting","Claw hire","Shellharbour (proposed)","Checked: no row","","","Deferred: suburb confirmation","Specific suburb was proposed in the research, not confirmed by the client. No suburb page or service claim added."
"claw machine hire south west sydney","P2 Supporting","Claw hire","South-West Sydney","Checked: no row","/claw-machine-hire","/service-areas#south-west-sydney","Covered service and regional intent","Main service page plus confirmed regional hub section; no separate local landing page or local office claim."
"claw machine hire south-west sydney","P2 Supporting","Claw hire","South-West Sydney","Checked: no row","/claw-machine-hire","/service-areas#south-west-sydney","Covered service and regional intent","Main service page plus confirmed regional hub section; no separate local landing page or local office claim."
"claw machine hire western sydney","P2 Supporting","Claw hire","Western Sydney","Checked: no row","/claw-machine-hire","/service-areas#western-sydney","Covered service and regional intent","Main service page plus confirmed regional hub section; no separate local landing page or local office claim."
"claw machine hire wollongong","P2 Supporting","Claw hire","Wollongong / Illawarra","Checked: no row","/claw-machine-hire","/service-areas#illawarra","Covered service and regional intent","Main service page plus confirmed regional hub section; no separate local landing page or local office claim."
"claw machine hire wyong","P2 Supporting","Claw hire","Wyong (proposed)","Checked: no row","","","Deferred: suburb confirmation","Specific suburb was proposed in the research, not confirmed by the client. No suburb page or service claim added."
"what is an arcade machine","P2 Supporting","Information","Unmodified","Semrush: positive volume","/arcade-machines-for-sale#buying-an-arcade-machine","","Covered informational intent","Useful planning answer supplied; no fabricated prices, dimensions, energy figures or revenue guarantees."
"are arcade punching machines accurate","P2 Supporting","Information","Unmodified","Semrush: positive volume","","","Deferred: equipment confirmation","Machine-specific informational content needs verified stock or relevant expertise."
"how do arcade punching machines work","P2 Supporting","Information","Unmodified","Semrush: positive volume","","","Deferred: equipment confirmation","Machine-specific informational content needs verified stock or relevant expertise."
"how heavy is an arcade machine","P2 Supporting","Information","Unmodified","Semrush: positive volume","/arcade-machines-for-sale#service-questions","","Covered informational intent","Useful planning answer supplied; no fabricated prices, dimensions, energy figures or revenue guarantees."
"how much are arcade machines","P2 Supporting","Information","Unmodified","Semrush: positive volume","/arcade-machines-for-sale#purchase-price-and-condition","","Covered informational intent","Useful planning answer supplied; no fabricated prices, dimensions, energy figures or revenue guarantees."
"how much do arcade machines make","P2 Supporting","Information","Unmodified","Semrush: positive volume","/arcade-machine-placement#placement-costs-and-returns","","Covered informational intent","Useful planning answer supplied; no fabricated prices, dimensions, energy figures or revenue guarantees."
"how much does a claw machine cost","P2 Supporting","Information","Unmodified","Semrush: positive volume","","","Deferred: sales inventory confirmation","Claw/skill-tester sales availability is not established. Hire and placement do not establish a retail catalogue."
"how much does an arcade machine cost","P2 Supporting","Information","Unmodified","Semrush: positive volume","/arcade-machines-for-sale#purchase-price-and-condition","","Covered informational intent","Useful planning answer supplied; no fabricated prices, dimensions, energy figures or revenue guarantees."
"how much does it cost to buy an arcade machine","P2 Supporting","Information","Unmodified","Semrush: positive volume","/arcade-machines-for-sale#purchase-price-and-condition","","Covered informational intent","Useful planning answer supplied; no fabricated prices, dimensions, energy figures or revenue guarantees."
"how much electricity does an arcade machine use","P2 Supporting","Information","Unmodified","Semrush: positive volume","/arcade-machines-for-sale#service-questions","","Covered informational intent","Useful planning answer supplied; no fabricated prices, dimensions, energy figures or revenue guarantees."
"how much for an arcade machine","P2 Supporting","Information","Unmodified","Semrush: positive volume","/arcade-machines-for-sale#purchase-price-and-condition","","Covered informational intent","Useful planning answer supplied; no fabricated prices, dimensions, energy figures or revenue guarantees."
"how much is a arcade machine","P2 Supporting","Information","Unmodified","Semrush: positive volume","/arcade-machines-for-sale#purchase-price-and-condition","","Covered informational intent","Useful planning answer supplied; no fabricated prices, dimensions, energy figures or revenue guarantees."
"how much is an arcade machine","P2 Supporting","Information","Unmodified","Semrush: positive volume","/arcade-machines-for-sale#purchase-price-and-condition","","Covered informational intent","Useful planning answer supplied; no fabricated prices, dimensions, energy figures or revenue guarantees."
"how to buy arcade machines","P2 Supporting","Information","Unmodified","Semrush: positive volume","/arcade-machines-for-sale#buying-an-arcade-machine","","Covered informational intent","Useful planning answer supplied; no fabricated prices, dimensions, energy figures or revenue guarantees."
"are arcade machines profitable","P2 Supporting","Information","Unmodified","Semrush: zero volume","/arcade-machine-placement#placement-costs-and-returns","","Covered informational intent","Useful planning answer supplied; no fabricated prices, dimensions, energy figures or revenue guarantees."
"how much does it cost to hire a claw machine","P2 Supporting","Information","Unmodified","Checked: no row","/claw-machine-hire#claw-hire-price","","Covered informational intent","Useful planning answer supplied; no fabricated prices, dimensions, energy figures or revenue guarantees."
"how much does it cost to hire an arcade machine","P2 Supporting","Information","Unmodified","Checked: no row","/arcade-machine-hire#hire-cost-and-delivery","","Covered informational intent","Useful planning answer supplied; no fabricated prices, dimensions, energy figures or revenue guarantees."
"how much space does an arcade machine need","P2 Supporting","Information","Unmodified","Checked: no row","/arcade-machine-hire#planning-your-games-space","","Covered informational intent","Useful planning answer supplied; no fabricated prices, dimensions, energy figures or revenue guarantees."
"arcade machine placement central coast","P2 Supporting","Placement","Central Coast","Checked: no row","/arcade-machine-placement","/service-areas#central-coast","Covered service and regional intent","Main service page plus confirmed regional hub section; no separate local landing page or local office claim."
"arcade machine placement illawarra","P2 Supporting","Placement","Wollongong / Illawarra","Checked: no row","/arcade-machine-placement","/service-areas#illawarra","Covered service and regional intent","Main service page plus confirmed regional hub section; no separate local landing page or local office claim."
"arcade machine placement north west sydney","P2 Supporting","Placement","North-West Sydney","Checked: no row","/arcade-machine-placement","/service-areas#north-west-sydney","Covered service and regional intent","Main service page plus confirmed regional hub section; no separate local landing page or local office claim."
"arcade machine placement nsw","P2 Supporting","Placement","NSW","Checked: no row","/arcade-machine-placement","/service-areas#nsw","Covered service and regional intent","Main service page plus confirmed regional hub section; no separate local landing page or local office claim."
"arcade machine placement south west sydney","P2 Supporting","Placement","South-West Sydney","Checked: no row","/arcade-machine-placement","/service-areas#south-west-sydney","Covered service and regional intent","Main service page plus confirmed regional hub section; no separate local landing page or local office claim."
"arcade machine placement western sydney","P2 Supporting","Placement","Western Sydney","Checked: no row","/arcade-machine-placement","/service-areas#western-sydney","Covered service and regional intent","Main service page plus confirmed regional hub section; no separate local landing page or local office claim."
"arcade machine placement wollongong","P2 Supporting","Placement","Wollongong / Illawarra","Checked: no row","/arcade-machine-placement","/service-areas#illawarra","Covered service and regional intent","Main service page plus confirmed regional hub section; no separate local landing page or local office claim."
"arcade machine","P2 Supporting","Sales","Unmodified","Semrush: positive volume","/arcade-machines-for-sale","","Covered service intent","Integrated through natural service copy, headings, FAQs and internal links; close variants share a page."
"arcade machines","P2 Supporting","Sales","Unmodified","Semrush: positive volume","/arcade-machines-for-sale","","Covered service intent","Integrated through natural service copy, headings, FAQs and internal links; close variants share a page."
"arcade machines for sale","P2 Supporting","Sales","Unmodified","Semrush: positive volume","/arcade-machines-for-sale","","Covered service intent","Integrated through natural service copy, headings, FAQs and internal links; close variants share a page."
"arcade game machine","P2 Supporting","Sales","Unmodified","Semrush: positive volume","/arcade-machines-for-sale","","Covered service intent","Integrated through natural service copy, headings, FAQs and internal links; close variants share a page."
"arcade claw grabber machine","P2 Supporting","Sales","Unmodified","Semrush: positive volume","/claw-machine-hire#skill-tester-and-prize-machine-hire","","Related terminology only","Explained in hire content; does not claim sales stock or fully satisfy a purchase-specific interpretation."
"arcade game machines","P2 Supporting","Sales","Unmodified","Semrush: positive volume","/arcade-machines-for-sale","","Covered service intent","Integrated through natural service copy, headings, FAQs and internal links; close variants share a page."
"arcade grabber machine","P2 Supporting","Sales","Unmodified","Semrush: positive volume","/claw-machine-hire#skill-tester-and-prize-machine-hire","","Related terminology only","Explained in hire content; does not claim sales stock or fully satisfy a purchase-specific interpretation."
"arcade machines australia","P2 Supporting","Sales","Australia","Semrush: positive volume","/arcade-machines-for-sale","","Covered service intent","Integrated through natural service copy, headings, FAQs and internal links; close variants share a page. Nationwide supply is not claimed; the business scope remains Sydney and NSW."
"grabber machine arcade","P2 Supporting","Sales","Unmodified","Semrush: positive volume","/claw-machine-hire#skill-tester-and-prize-machine-hire","","Related terminology only","Explained in hire content; does not claim sales stock or fully satisfy a purchase-specific interpretation."
"machine arcade","P2 Supporting","Sales","Unmodified","Semrush: positive volume","/arcade-machines-for-sale","","Covered service intent","Integrated through natural service copy, headings, FAQs and internal links; close variants share a page."
"video game arcade machines for sale","P2 Supporting","Sales","Unmodified","Semrush: positive volume","/arcade-machines-for-sale","","Covered service intent","Integrated through natural service copy, headings, FAQs and internal links; close variants share a page."
"arcade claw machine","P2 Supporting","Sales","Unmodified","Semrush: positive volume","/claw-machine-hire#skill-tester-and-prize-machine-hire","","Related terminology only","Explained in hire content; does not claim sales stock or fully satisfy a purchase-specific interpretation."
"arcade games australia","P2 Supporting","Sales","Australia","Semrush: positive volume","/","","Covered brand/category intent","Integrated through natural service copy, headings, FAQs and internal links; close variants share a page. Nationwide supply is not claimed; the business scope remains Sydney and NSW."
"arcade games machines","P2 Supporting","Sales","Unmodified","Semrush: positive volume","/arcade-machines-for-sale","","Covered service intent","Integrated through natural service copy, headings, FAQs and internal links; close variants share a page."
"arcade games machines for sale","P2 Supporting","Sales","Unmodified","Semrush: positive volume","/arcade-machines-for-sale","","Covered service intent","Integrated through natural service copy, headings, FAQs and internal links; close variants share a page."
"arcade machine for sale","P2 Supporting","Sales","Unmodified","Semrush: positive volume","/arcade-machines-for-sale","","Covered service intent","Integrated through natural service copy, headings, FAQs and internal links; close variants share a page."
"arcade game machines australia","P2 Supporting","Sales","Australia","Semrush: positive volume","/arcade-machines-for-sale","","Covered service intent","Integrated through natural service copy, headings, FAQs and internal links; close variants share a page. Nationwide supply is not claimed; the business scope remains Sydney and NSW."
"arcade games claw machine","P2 Supporting","Sales","Unmodified","Semrush: positive volume","/claw-machine-hire#skill-tester-and-prize-machine-hire","","Related terminology only","Explained in hire content; does not claim sales stock or fully satisfy a purchase-specific interpretation."
"arcade gaming machine","P2 Supporting","Sales","Unmodified","Semrush: positive volume","","","Not an active target: ambiguous intent","Potentially ambiguous gambling-related wording; use the confirmed arcade service terminology instead."
"arcade machines for sale australia","P2 Supporting","Sales","Australia","Semrush: positive volume","/arcade-machines-for-sale","","Covered service intent","Integrated through natural service copy, headings, FAQs and internal links; close variants share a page. Nationwide supply is not claimed; the business scope remains Sydney and NSW."
"arcade games for sale australia","P2 Supporting","Sales","Australia","Semrush: positive volume","/arcade-machines-for-sale","","Covered service intent","Integrated through natural service copy, headings, FAQs and internal links; close variants share a page. Nationwide supply is not claimed; the business scope remains Sydney and NSW."
"buy arcade machines","P2 Supporting","Sales","Unmodified","Semrush: positive volume","/arcade-machines-for-sale","","Covered service intent","Integrated through natural service copy, headings, FAQs and internal links; close variants share a page."
"arcade machine for sale australia","P2 Supporting","Sales","Australia","Semrush: positive volume","/arcade-machines-for-sale","","Covered service intent","Integrated through natural service copy, headings, FAQs and internal links; close variants share a page. Nationwide supply is not claimed; the business scope remains Sydney and NSW."
"arcade machine sales","P2 Supporting","Sales","Unmodified","Semrush: positive volume","/arcade-machines-for-sale","","Covered service intent","Integrated through natural service copy, headings, FAQs and internal links; close variants share a page."
"arcade machines sydney","P2 Supporting","Sales","Sydney","Semrush: positive volume","/","","Covered brand/category intent","Integrated through natural service copy, headings, FAQs and internal links; close variants share a page."
"buy arcade machine","P2 Supporting","Sales","Unmodified","Semrush: positive volume","/arcade-machines-for-sale","","Covered service intent","Integrated through natural service copy, headings, FAQs and internal links; close variants share a page."
"skill tester machines","P2 Supporting","Sales","Unmodified","Semrush: positive volume","/claw-machine-hire#skill-tester-and-prize-machine-hire","","Related terminology only","Explained in hire content; does not claim sales stock or fully satisfy a purchase-specific interpretation."
"amusement machines for sale","P2 Supporting","Sales","Unmodified","Semrush: positive volume","/arcade-machines-for-sale","","Covered service intent","Integrated through natural service copy, headings, FAQs and internal links; close variants share a page."
"arcade machine sales near me","P2 Supporting","Sales","Near me","Semrush: positive volume","/arcade-machines-for-sale","","Covered service intent","Integrated through natural service copy, headings, FAQs and internal links; close variants share a page."
"arcade machines for sale nsw","P2 Supporting","Sales","NSW","Semrush: positive volume","/arcade-machines-for-sale","/service-areas#nsw","Covered service and regional intent","Main service page plus confirmed regional hub section; no separate local landing page or local office claim."
"coin operated arcade machines for sale","P2 Supporting","Sales","Unmodified","Semrush: positive volume","/arcade-machines-for-sale","","Covered service intent","Integrated through natural service copy, headings, FAQs and internal links; close variants share a page."
"commercial arcade machines","P2 Supporting","Sales","Unmodified","Semrush: positive volume","/arcade-machines-for-sale","","Covered service intent","Integrated through natural service copy, headings, FAQs and internal links; close variants share a page."
"commercial arcade machines for sale","P2 Supporting","Sales","Unmodified","Semrush: positive volume","/arcade-machines-for-sale","","Covered service intent","Integrated through natural service copy, headings, FAQs and internal links; close variants share a page."
"skill tester machine for sale","P2 Supporting","Sales","Unmodified","Semrush: positive volume","","","Deferred: sales inventory confirmation","Claw/skill-tester sales availability is not established. Hire and placement do not establish a retail catalogue."
"amusement arcade machines for sale","P2 Supporting","Sales","Unmodified","Semrush: positive volume","/arcade-machines-for-sale","","Covered service intent","Integrated through natural service copy, headings, FAQs and internal links; close variants share a page."
"arcade machine sales nsw","P2 Supporting","Sales","NSW","Checked: no row","/arcade-machines-for-sale","/service-areas#nsw","Covered service and regional intent","Main service page plus confirmed regional hub section; no separate local landing page or local office claim."
"arcade machines for sale central coast","P2 Supporting","Sales","Central Coast","Checked: no row","/arcade-machines-for-sale","/service-areas#central-coast","Covered service and regional intent","Main service page plus confirmed regional hub section; no separate local landing page or local office claim."
"arcade machines for sale illawarra","P2 Supporting","Sales","Wollongong / Illawarra","Checked: no row","/arcade-machines-for-sale","/service-areas#illawarra","Covered service and regional intent","Main service page plus confirmed regional hub section; no separate local landing page or local office claim."
"arcade machines for sale north west sydney","P2 Supporting","Sales","North-West Sydney","Checked: no row","/arcade-machines-for-sale","/service-areas#north-west-sydney","Covered service and regional intent","Main service page plus confirmed regional hub section; no separate local landing page or local office claim."
"arcade machines for sale south west sydney","P2 Supporting","Sales","South-West Sydney","Checked: no row","/arcade-machines-for-sale","/service-areas#south-west-sydney","Covered service and regional intent","Main service page plus confirmed regional hub section; no separate local landing page or local office claim."
"arcade machines for sale western sydney","P2 Supporting","Sales","Western Sydney","Checked: no row","/arcade-machines-for-sale","/service-areas#western-sydney","Covered service and regional intent","Main service page plus confirmed regional hub section; no separate local landing page or local office claim."
"arcade machines for sale wollongong","P2 Supporting","Sales","Wollongong / Illawarra","Checked: no row","/arcade-machines-for-sale","/service-areas#illawarra","Covered service and regional intent","Main service page plus confirmed regional hub section; no separate local landing page or local office claim."
"claw machine hiring","P2 Supporting","Sales","Unmodified","Semrush: zero volume","/claw-machine-hire","","Covered service intent","Corrected the original sales classification to the hire service."
"amusement machine supplier central coast","P2 Supporting","Supply and installation","Central Coast","Checked: no row","/amusement-machine-supply-installation","/service-areas#central-coast","Covered service and regional intent","Main service page plus confirmed regional hub section; no separate local landing page or local office claim."
"amusement machine supplier illawarra","P2 Supporting","Supply and installation","Wollongong / Illawarra","Checked: no row","/amusement-machine-supply-installation","/service-areas#illawarra","Covered service and regional intent","Main service page plus confirmed regional hub section; no separate local landing page or local office claim."
"amusement machine supplier north west sydney","P2 Supporting","Supply and installation","North-West Sydney","Checked: no row","/amusement-machine-supply-installation","/service-areas#north-west-sydney","Covered service and regional intent","Main service page plus confirmed regional hub section; no separate local landing page or local office claim."
"amusement machine supplier nsw","P2 Supporting","Supply and installation","NSW","Checked: no row","/amusement-machine-supply-installation","/service-areas#nsw","Covered service and regional intent","Main service page plus confirmed regional hub section; no separate local landing page or local office claim."
"amusement machine supplier south west sydney","P2 Supporting","Supply and installation","South-West Sydney","Checked: no row","/amusement-machine-supply-installation","/service-areas#south-west-sydney","Covered service and regional intent","Main service page plus confirmed regional hub section; no separate local landing page or local office claim."
"amusement machine supplier western sydney","P2 Supporting","Supply and installation","Western Sydney","Checked: no row","/amusement-machine-supply-installation","/service-areas#western-sydney","Covered service and regional intent","Main service page plus confirmed regional hub section; no separate local landing page or local office claim."
"amusement machine supplier wollongong","P2 Supporting","Supply and installation","Wollongong / Illawarra","Checked: no row","/amusement-machine-supply-installation","/service-areas#illawarra","Covered service and regional intent","Main service page plus confirmed regional hub section; no separate local landing page or local office claim."
"pinball hire","Conditional","Arcade hire","Unmodified","Semrush: positive volume","","","Deferred: business confirmation","Needs verified equipment, offer, licensing or other business evidence before a dedicated target or claim."
"pinball machine hire","Conditional","Arcade hire","Unmodified","Semrush: positive volume","","","Deferred: business confirmation","Needs verified equipment, offer, licensing or other business evidence before a dedicated target or claim."
"arcade dance machine hire","Conditional","Arcade hire","Unmodified","Semrush: positive volume","","","Deferred: business confirmation","Needs verified equipment, offer, licensing or other business evidence before a dedicated target or claim."
"basketball arcade game hire","Conditional","Arcade hire","Unmodified","Semrush: positive volume","","","Deferred: business confirmation","Needs verified equipment, offer, licensing or other business evidence before a dedicated target or claim."
"basketball arcade hire","Conditional","Arcade hire","Unmodified","Semrush: positive volume","","","Deferred: business confirmation","Needs verified equipment, offer, licensing or other business evidence before a dedicated target or claim."
"basketball arcade machine hire","Conditional","Arcade hire","Unmodified","Semrush: positive volume","","","Deferred: business confirmation","Needs verified equipment, offer, licensing or other business evidence before a dedicated target or claim."
"daytona arcade machine hire","Conditional","Arcade hire","Unmodified","Semrush: positive volume","","","Deferred: business confirmation","Needs verified equipment, offer, licensing or other business evidence before a dedicated target or claim."
"branded claw machine hire","Conditional","Claw hire","Unmodified","Semrush: zero volume","","","Deferred: business confirmation","Needs verified equipment, offer, licensing or other business evidence before a dedicated target or claim."
"human claw machine hire","Conditional","Claw hire","Unmodified","Semrush: zero volume","","","Deferred: business confirmation","Needs verified equipment, offer, licensing or other business evidence before a dedicated target or claim."
"prize claw machine hire","Conditional","Claw hire","Unmodified","Semrush: zero volume","","","Deferred: business confirmation","Needs verified equipment, offer, licensing or other business evidence before a dedicated target or claim."
"do you need a license for arcade machine","Conditional","Information","Unmodified","Semrush: positive volume","","","Deferred: business confirmation","Needs verified equipment, offer, licensing or other business evidence before a dedicated target or claim."
"how much is a mortal kombat arcade machine","Conditional","Information","Unmodified","Semrush: positive volume","","","Deferred: business confirmation","Needs verified equipment, offer, licensing or other business evidence before a dedicated target or claim."
"how much is a pac man arcade machine","Conditional","Information","Unmodified","Semrush: positive volume","","","Deferred: business confirmation","Needs verified equipment, offer, licensing or other business evidence before a dedicated target or claim."
"arcade machine revenue share","Conditional","Placement","Unmodified","Checked: no row","","","Deferred: business confirmation","Needs verified equipment, offer, licensing or other business evidence before a dedicated target or claim."
"claw machine revenue share","Conditional","Placement","Unmodified","Checked: no row","","","Deferred: business confirmation","Needs verified equipment, offer, licensing or other business evidence before a dedicated target or claim."
"free arcade machine placement","Conditional","Placement","Unmodified","Checked: no row","","","Deferred: business confirmation","Needs verified equipment, offer, licensing or other business evidence before a dedicated target or claim."
"free claw machine placement","Conditional","Placement","Unmodified","Checked: no row","","","Deferred: business confirmation","Needs verified equipment, offer, licensing or other business evidence before a dedicated target or claim."
"basketball arcade game machine","Conditional","Sales","Unmodified","Semrush: positive volume","","","Deferred: business confirmation","Needs verified equipment, offer, licensing or other business evidence before a dedicated target or claim."
"basketball arcade machine","Conditional","Sales","Unmodified","Semrush: positive volume","","","Deferred: business confirmation","Needs verified equipment, offer, licensing or other business evidence before a dedicated target or claim."
"pac man machine arcade","Conditional","Sales","Unmodified","Semrush: positive volume","","","Deferred: business confirmation","Needs verified equipment, offer, licensing or other business evidence before a dedicated target or claim."
"arcade game machines pac man","Conditional","Sales","Unmodified","Semrush: positive volume","","","Deferred: business confirmation","Needs verified equipment, offer, licensing or other business evidence before a dedicated target or claim."
"mini arcade machine","Conditional","Sales","Unmodified","Semrush: positive volume","","","Deferred: business confirmation","Needs verified equipment, offer, licensing or other business evidence before a dedicated target or claim."
"pacman arcade machine","Conditional","Sales","Unmodified","Semrush: positive volume","","","Deferred: business confirmation","Needs verified equipment, offer, licensing or other business evidence before a dedicated target or claim."
"time crisis arcade machine","Conditional","Sales","Unmodified","Semrush: positive volume","","","Deferred: business confirmation","Needs verified equipment, offer, licensing or other business evidence before a dedicated target or claim."
"nba jam arcade machine","Conditional","Sales","Unmodified","Semrush: positive volume","","","Deferred: business confirmation","Needs verified equipment, offer, licensing or other business evidence before a dedicated target or claim."
"pac man arcade game machine","Conditional","Sales","Unmodified","Semrush: positive volume","","","Deferred: business confirmation","Needs verified equipment, offer, licensing or other business evidence before a dedicated target or claim."
"street fighter arcade machine","Conditional","Sales","Unmodified","Semrush: positive volume","","","Deferred: business confirmation","Needs verified equipment, offer, licensing or other business evidence before a dedicated target or claim."
"big buck hunter arcade machine","Conditional","Sales","Unmodified","Semrush: positive volume","","","Deferred: business confirmation","Needs verified equipment, offer, licensing or other business evidence before a dedicated target or claim."
"buck hunter arcade machine","Conditional","Sales","Unmodified","Semrush: positive volume","","","Deferred: business confirmation","Needs verified equipment, offer, licensing or other business evidence before a dedicated target or claim."
"daytona arcade machine","Conditional","Sales","Unmodified","Semrush: positive volume","","","Deferred: business confirmation","Needs verified equipment, offer, licensing or other business evidence before a dedicated target or claim."
"mk arcade machine","Conditional","Sales","Unmodified","Semrush: positive volume","","","Deferred: business confirmation","Needs verified equipment, offer, licensing or other business evidence before a dedicated target or claim."
"mortal kombat arcade machine","Conditional","Sales","Unmodified","Semrush: positive volume","","","Deferred: business confirmation","Needs verified equipment, offer, licensing or other business evidence before a dedicated target or claim."
"nba jam arcade game machine","Conditional","Sales","Unmodified","Semrush: positive volume","","","Deferred: business confirmation","Needs verified equipment, offer, licensing or other business evidence before a dedicated target or claim."
"pac man arcade machine","Conditional","Sales","Unmodified","Semrush: positive volume","","","Deferred: business confirmation","Needs verified equipment, offer, licensing or other business evidence before a dedicated target or claim."
"street fighter arcade game machine","Conditional","Sales","Unmodified","Semrush: positive volume","","","Deferred: business confirmation","Needs verified equipment, offer, licensing or other business evidence before a dedicated target or claim."
"table arcade game machine","Conditional","Sales","Unmodified","Semrush: positive volume","","","Deferred: business confirmation","Needs verified equipment, offer, licensing or other business evidence before a dedicated target or claim."
"tabletop arcade machine","Conditional","Sales","Unmodified","Semrush: positive volume","","","Deferred: business confirmation","Needs verified equipment, offer, licensing or other business evidence before a dedicated target or claim."
"arcade games machines mini","Conditional","Sales","Unmodified","Semrush: positive volume","","","Deferred: business confirmation","Needs verified equipment, offer, licensing or other business evidence before a dedicated target or claim."
"arcade machine mortal kombat 2","Conditional","Sales","Unmodified","Semrush: positive volume","","","Deferred: business confirmation","Needs verified equipment, offer, licensing or other business evidence before a dedicated target or claim."
"arcade machine racing games","Conditional","Sales","Unmodified","Semrush: positive volume","","","Deferred: business confirmation","Needs verified equipment, offer, licensing or other business evidence before a dedicated target or claim."
"arcade machine tabletop","Conditional","Sales","Unmodified","Semrush: positive volume","","","Deferred: business confirmation","Needs verified equipment, offer, licensing or other business evidence before a dedicated target or claim."
"old amusement arcade machines for sale","Conditional","Sales","Unmodified","Semrush: positive volume","","","Deferred: business confirmation","Needs verified equipment, offer, licensing or other business evidence before a dedicated target or claim."
"used amusement machines for sale","Conditional","Sales","Unmodified","Semrush: positive volume","","","Deferred: business confirmation","Needs verified equipment, offer, licensing or other business evidence before a dedicated target or claim."
"arcade games sydney pinball amusement machines nsw","Conditional","Supply and installation","Sydney","Semrush: positive volume","","","Deferred: business confirmation","Needs verified equipment, offer, licensing or other business evidence before a dedicated target or claim."
"arcade game hire melbourne","Exclude","Arcade hire","Unmodified","Semrush: positive volume","","","Excluded","Excluded by the original research: irrelevant intent, unsupported service, competitor or outside target market."
"arcade hire melbourne","Exclude","Arcade hire","Unmodified","Semrush: positive volume","","","Excluded","Excluded by the original research: irrelevant intent, unsupported service, competitor or outside target market."
"arcade machine hire melbourne","Exclude","Arcade hire","Unmodified","Semrush: positive volume","","","Excluded","Excluded by the original research: irrelevant intent, unsupported service, competitor or outside target market."
"party games hire melbourne","Exclude","Arcade hire","Unmodified","Semrush: positive volume","","","Excluded","Excluded by the original research: irrelevant intent, unsupported service, competitor or outside target market."
"rental of games","Exclude","Arcade hire","Unmodified","Semrush: positive volume","","","Excluded","Excluded by the original research: irrelevant intent, unsupported service, competitor or outside target market."
"arcade games hire melbourne","Exclude","Arcade hire","Unmodified","Semrush: positive volume","","","Excluded","Excluded by the original research: irrelevant intent, unsupported service, competitor or outside target market."
"arcade game hire adelaide","Exclude","Arcade hire","Unmodified","Semrush: positive volume","","","Excluded","Excluded by the original research: irrelevant intent, unsupported service, competitor or outside target market."
"arcade game hire perth","Exclude","Arcade hire","Unmodified","Semrush: positive volume","","","Excluded","Excluded by the original research: irrelevant intent, unsupported service, competitor or outside target market."
"arcade game hire brisbane","Exclude","Arcade hire","Unmodified","Semrush: positive volume","","","Excluded","Excluded by the original research: irrelevant intent, unsupported service, competitor or outside target market."
"arcade game hire canberra","Exclude","Arcade hire","Unmodified","Semrush: positive volume","","","Excluded","Excluded by the original research: irrelevant intent, unsupported service, competitor or outside target market."
"arcade game hire geelong","Exclude","Arcade hire","Unmodified","Semrush: positive volume","","","Excluded","Excluded by the original research: irrelevant intent, unsupported service, competitor or outside target market."
"arcade game hire gold coast","Exclude","Arcade hire","Unmodified","Semrush: positive volume","","","Excluded","Excluded by the original research: irrelevant intent, unsupported service, competitor or outside target market."
"arcade game hire perth wa","Exclude","Arcade hire","Unmodified","Semrush: positive volume","","","Excluded","Excluded by the original research: irrelevant intent, unsupported service, competitor or outside target market."
"arcade games for hire melbourne","Exclude","Arcade hire","Unmodified","Semrush: positive volume","","","Excluded","Excluded by the original research: irrelevant intent, unsupported service, competitor or outside target market."
"arcade games for hire perth","Exclude","Arcade hire","Unmodified","Semrush: positive volume","","","Excluded","Excluded by the original research: irrelevant intent, unsupported service, competitor or outside target market."
"arcade games hire brisbane","Exclude","Arcade hire","Unmodified","Semrush: positive volume","","","Excluded","Excluded by the original research: irrelevant intent, unsupported service, competitor or outside target market."
"arcade hire adelaide","Exclude","Arcade hire","Unmodified","Semrush: positive volume","","","Excluded","Excluded by the original research: irrelevant intent, unsupported service, competitor or outside target market."
"arcade hire brisbane","Exclude","Arcade hire","Unmodified","Semrush: positive volume","","","Excluded","Excluded by the original research: irrelevant intent, unsupported service, competitor or outside target market."
"arcade hire perth","Exclude","Arcade hire","Unmodified","Semrush: positive volume","","","Excluded","Excluded by the original research: irrelevant intent, unsupported service, competitor or outside target market."
"arcade machine hire adelaide","Exclude","Arcade hire","Unmodified","Semrush: positive volume","","","Excluded","Excluded by the original research: irrelevant intent, unsupported service, competitor or outside target market."
"arcade machine hire brisbane","Exclude","Arcade hire","Unmodified","Semrush: positive volume","","","Excluded","Excluded by the original research: irrelevant intent, unsupported service, competitor or outside target market."
"arcade machine hire gold coast","Exclude","Arcade hire","Unmodified","Semrush: positive volume","","","Excluded","Excluded by the original research: irrelevant intent, unsupported service, competitor or outside target market."
"arcade machine hire perth","Exclude","Arcade hire","Unmodified","Semrush: positive volume","","","Excluded","Excluded by the original research: irrelevant intent, unsupported service, competitor or outside target market."
"basketball arcade game hire melbourne","Exclude","Arcade hire","Unmodified","Semrush: positive volume","","","Excluded","Excluded by the original research: irrelevant intent, unsupported service, competitor or outside target market."
"hire arcade games brisbane","Exclude","Arcade hire","Unmodified","Semrush: positive volume","","","Excluded","Excluded by the original research: irrelevant intent, unsupported service, competitor or outside target market."
"hire arcade games perth","Exclude","Arcade hire","Unmodified","Semrush: positive volume","","","Excluded","Excluded by the original research: irrelevant intent, unsupported service, competitor or outside target market."
"amusement arcade machines for hire in cairns","Exclude","Arcade hire","Unmodified","Semrush: zero volume","","","Excluded","Excluded by the original research: irrelevant intent, unsupported service, competitor or outside target market."
"claw machine hire melbourne","Exclude","Claw hire","Unmodified","Semrush: positive volume","","","Excluded","Excluded by the original research: irrelevant intent, unsupported service, competitor or outside target market."
"claw machine hire brisbane","Exclude","Claw hire","Unmodified","Semrush: positive volume","","","Excluded","Excluded by the original research: irrelevant intent, unsupported service, competitor or outside target market."
"claw machine hire perth","Exclude","Claw hire","Unmodified","Semrush: positive volume","","","Excluded","Excluded by the original research: irrelevant intent, unsupported service, competitor or outside target market."
"claw machine hire adelaide","Exclude","Claw hire","Unmodified","Semrush: zero volume","","","Excluded","Excluded by the original research: irrelevant intent, unsupported service, competitor or outside target market."
"claw machine hire canberra","Exclude","Claw hire","Unmodified","Semrush: zero volume","","","Excluded","Excluded by the original research: irrelevant intent, unsupported service, competitor or outside target market."
"claw machine hire gold coast","Exclude","Claw hire","Unmodified","Semrush: zero volume","","","Excluded","Excluded by the original research: irrelevant intent, unsupported service, competitor or outside target market."
"claw machine hire uk","Exclude","Claw hire","Unmodified","Semrush: zero volume","","","Excluded","Excluded by the original research: irrelevant intent, unsupported service, competitor or outside target market."
"claw machine perth hire","Exclude","Claw hire","Unmodified","Semrush: zero volume","","","Excluded","Excluded by the original research: irrelevant intent, unsupported service, competitor or outside target market."
"claw machine to hire in perth wa","Exclude","Claw hire","Unmodified","Semrush: zero volume","","","Excluded","Excluded by the original research: irrelevant intent, unsupported service, competitor or outside target market."
"human claw machine hire uk","Exclude","Claw hire","Unmodified","Semrush: zero volume","","","Excluded","Excluded by the original research: irrelevant intent, unsupported service, competitor or outside target market."
"can you add games to 1up arcade machine","Exclude","Information","Unmodified","Semrush: positive volume","","","Excluded","Excluded by the original research: irrelevant intent, unsupported service, competitor or outside target market."
"how to add games to arcade machine","Exclude","Information","Unmodified","Semrush: positive volume","","","Excluded","Excluded by the original research: irrelevant intent, unsupported service, competitor or outside target market."
"how to beat arcade machines","Exclude","Information","Unmodified","Semrush: positive volume","","","Excluded","Excluded by the original research: irrelevant intent, unsupported service, competitor or outside target market."
"how to build a lego arcade machine","Exclude","Information","Unmodified","Semrush: positive volume","","","Excluded","Excluded by the original research: irrelevant intent, unsupported service, competitor or outside target market."
"how to build a tabletop arcade machine","Exclude","Information","Unmodified","Semrush: positive volume","","","Excluded","Excluded by the original research: irrelevant intent, unsupported service, competitor or outside target market."
"how to build an arcade machine","Exclude","Information","Unmodified","Semrush: positive volume","","","Excluded","Excluded by the original research: irrelevant intent, unsupported service, competitor or outside target market."
"how to build an arcade machine with raspberry pi","Exclude","Information","Unmodified","Semrush: positive volume","","","Excluded","Excluded by the original research: irrelevant intent, unsupported service, competitor or outside target market."
"how to build arcade machine","Exclude","Information","Unmodified","Semrush: positive volume","","","Excluded","Excluded by the original research: irrelevant intent, unsupported service, competitor or outside target market."
"how to build arcade machine raspberry pi","Exclude","Information","Unmodified","Semrush: positive volume","","","Excluded","Excluded by the original research: irrelevant intent, unsupported service, competitor or outside target market."
"how to build your own arcade machine","Exclude","Information","Unmodified","Semrush: positive volume","","","Excluded","Excluded by the original research: irrelevant intent, unsupported service, competitor or outside target market."
"how to change games on arcade machine","Exclude","Information","Unmodified","Semrush: positive volume","","","Excluded","Excluded by the original research: irrelevant intent, unsupported service, competitor or outside target market."
"how to draw an arcade machine","Exclude","Information","Unmodified","Semrush: positive volume","","","Excluded","Excluded by the original research: irrelevant intent, unsupported service, competitor or outside target market."
"how to fix an arcade machine","Exclude","Information","Unmodified","Semrush: positive volume","","","Excluded","Excluded by the original research: irrelevant intent, unsupported service, competitor or outside target market."
"how to fix arcade machines","Exclude","Information","Unmodified","Semrush: positive volume","","","Excluded","Excluded by the original research: irrelevant intent, unsupported service, competitor or outside target market."
"amusement machine operators association","Exclude","Placement","Unmodified","Semrush: positive volume","","","Excluded","Excluded by the original research: irrelevant intent, unsupported service, competitor or outside target market."
"arcade arcade machine","Exclude","Sales","Unmodified","Semrush: positive volume","","","Excluded","Excluded by the original research: irrelevant intent, unsupported service, competitor or outside target market."
"arcade games sydney","Exclude","Sales","Sydney","Semrush: positive volume","","","Excluded","Excluded by the original research: irrelevant intent, unsupported service, competitor or outside target market."
"lego arcade machine","Exclude","Sales","Unmodified","Semrush: positive volume","","","Excluded","Excluded by the original research: irrelevant intent, unsupported service, competitor or outside target market."
"arcade games melbourne","Exclude","Sales","Unmodified","Semrush: positive volume","","","Excluded","Excluded by the original research: irrelevant intent, unsupported service, competitor or outside target market."
"cardboard arcade machine","Exclude","Sales","Unmodified","Semrush: positive volume","","","Excluded","Excluded by the original research: irrelevant intent, unsupported service, competitor or outside target market."
"my games room","Exclude","Sales","Unmodified","Semrush: positive volume","","","Excluded","Excluded by the original research: irrelevant intent, unsupported service, competitor or outside target market."
"arcade machines adelaide","Exclude","Sales","Unmodified","Semrush: positive volume","","","Excluded","Excluded by the original research: irrelevant intent, unsupported service, competitor or outside target market."
"diy arcade machine","Exclude","Sales","Unmodified","Semrush: positive volume","","","Excluded","Excluded by the original research: irrelevant intent, unsupported service, competitor or outside target market."
"arcade game machine brisbane","Exclude","Sales","Unmodified","Semrush: positive volume","","","Excluded","Excluded by the original research: irrelevant intent, unsupported service, competitor or outside target market."
"amuse arcade","Exclude","Sales","Unmodified","Semrush: positive volume","","","Excluded","Excluded by the original research: irrelevant intent, unsupported service, competitor or outside target market."
"arcade gaming","Exclude","Sales","Unmodified","Semrush: positive volume","","","Excluded","Excluded by the original research: irrelevant intent, unsupported service, competitor or outside target market."
"arcade game birthday party","Exclude","Sales","Unmodified","Semrush: positive volume","","","Excluded","Excluded by the original research: irrelevant intent, unsupported service, competitor or outside target market."
"arcade games for home","Exclude","Sales","Unmodified","Semrush: positive volume","","","Excluded","Excluded by the original research: irrelevant intent, unsupported service, competitor or outside target market."
"arcade games for sale melbourne","Exclude","Sales","Unmodified","Semrush: positive volume","","","Excluded","Excluded by the original research: irrelevant intent, unsupported service, competitor or outside target market."
"arcades hiring near me","Exclude","Sales","Near me","Semrush: positive volume","","","Excluded","Excluded by the original research: irrelevant intent, unsupported service, competitor or outside target market."
"amusement machine business for sale","Exclude","Sales","Unmodified","Semrush: positive volume","","","Excluded","Excluded by the original research: irrelevant intent, unsupported service, competitor or outside target market."
"amusement arcade machines for sale uk","Exclude","Sales","Unmodified","Semrush: zero volume","","","Excluded","Excluded by the original research: irrelevant intent, unsupported service, competitor or outside target market."
"amusement machine distributors","Exclude","Supply and installation","Unmodified","Semrush: positive volume","","","Excluded","Excluded by the original research: irrelevant intent, unsupported service, competitor or outside target market."
"amusement machine distributors australia","Exclude","Supply and installation","Australia","Semrush: positive volume","","","Excluded","Excluded by the original research: irrelevant intent, unsupported service, competitor or outside target market."
"amusement gaming machines","Exclude","Supply and installation","Unmodified","Semrush: positive volume","","","Excluded","Excluded by the original research: irrelevant intent, unsupported service, competitor or outside target market."
"amusement machine auction","Exclude","Supply and installation","Unmodified","Semrush: positive volume","","","Excluded","Excluded by the original research: irrelevant intent, unsupported service, competitor or outside target market."
"amusement machine auctions","Exclude","Supply and installation","Unmodified","Semrush: positive volume","","","Excluded","Excluded by the original research: irrelevant intent, unsupported service, competitor or outside target market."
"amusement machine repairs","Exclude","Supply and installation","Unmodified","Semrush: positive volume","","","Excluded","Excluded by the original research: irrelevant intent, unsupported service, competitor or outside target market."
"amusement machines near me","Exclude","Supply and installation","Near me","Semrush: positive volume","","","Excluded","Excluded by the original research: irrelevant intent, unsupported service, competitor or outside target market."
"amusement machines perth","Exclude","Supply and installation","Unmodified","Semrush: positive volume","","","Excluded","Excluded by the original research: irrelevant intent, unsupported service, competitor or outside target market."
"amusement park machines","Exclude","Supply and installation","Unmodified","Semrush: positive volume","","","Excluded","Excluded by the original research: irrelevant intent, unsupported service, competitor or outside target market."
"meisho amusement machines","Exclude","Supply and installation","Unmodified","Semrush: positive volume","","","Excluded","Excluded by the original research: irrelevant intent, unsupported service, competitor or outside target market."
"skirt blowing machine amusement park","Exclude","Supply and installation","Unmodified","Semrush: positive volume","","","Excluded","Excluded by the original research: irrelevant intent, unsupported service, competitor or outside target market."
"amusement machines melbourne","Exclude","Supply and installation","Unmodified","Semrush: positive volume","","","Excluded","Excluded by the original research: irrelevant intent, unsupported service, competitor or outside target market."
"amusement park machines names","Exclude","Supply and installation","Unmodified","Semrush: positive volume","","","Excluded","Excluded by the original research: irrelevant intent, unsupported service, competitor or outside target market."
"amusement vending machines","Exclude","Supply and installation","Unmodified","Semrush: positive volume","","","Excluded","Excluded by the original research: irrelevant intent, unsupported service, competitor or outside target market."
"coastal amusements claw machine","Exclude","Supply and installation","Unmodified","Semrush: positive volume","","","Excluded","Excluded by the original research: irrelevant intent, unsupported service, competitor or outside target market."
"georgia coin operated amusement machines","Exclude","Supply and installation","Unmodified","Semrush: positive volume","","","Excluded","Excluded by the original research: irrelevant intent, unsupported service, competitor or outside target market."
"jumping machine amusement park","Exclude","Supply and installation","Unmodified","Semrush: positive volume","","","Excluded","Excluded by the original research: irrelevant intent, unsupported service, competitor or outside target market."
"amd amusement machine distributors","Exclude","Supply and installation","Unmodified","Semrush: zero volume","","","Excluded","Excluded by the original research: irrelevant intent, unsupported service, competitor or outside target market."
"american amusement machine association","Exclude","Supply and installation","Unmodified","Semrush: zero volume","","","Excluded","Excluded by the original research: irrelevant intent, unsupported service, competitor or outside target market."
"amusement & gaming machines","Exclude","Supply and installation","Unmodified","Semrush: zero volume","","","Excluded","Excluded by the original research: irrelevant intent, unsupported service, competitor or outside target market."
"amusement & gaming machines manchester","Exclude","Supply and installation","Unmodified","Semrush: zero volume","","","Excluded","Excluded by the original research: irrelevant intent, unsupported service, competitor or outside target market."
"amusement & gaming machines near me","Exclude","Supply and installation","Near me","Semrush: zero volume","","","Excluded","Excluded by the original research: irrelevant intent, unsupported service, competitor or outside target market."
"amusement and gaming machines","Exclude","Supply and installation","Unmodified","Semrush: zero volume","","","Excluded","Excluded by the original research: irrelevant intent, unsupported service, competitor or outside target market."
"amusement arcade machine crossword clue","Exclude","Supply and installation","Unmodified","Semrush: zero volume","","","Excluded","Excluded by the original research: irrelevant intent, unsupported service, competitor or outside target market."
